Scaled,PCA
0.2848589191898987,0.3690763194699231
1.3292227943159214,0.6900100886767777
-1.0,0.4479327254427966
inf,0.6900100886767777
